{
  "synthesis_model": {
    "model_type": "gbr",
    "n_train": 4000,
    "n_test": 1000,
    "train_time_s": 15.622202634811401,
    "train_metrics": {
      "mse": 1.98723360527201e-05,
      "r2": 0.9991996463722369,
      "n_samples": 4000,
      "n_features": 23,
      "n_outputs": 7
    },
    "test_mse": 9.703950532706381e-05,
    "test_r2": 0.9962395661476335,
    "test_mae": 0.005720163968113282,
    "per_output_r2": {
      "porosity": 0.9958763790899745,
      "surface_area": 0.9887569811197486,
      "conductivity": 0.9950408023765958,
      "defect_density": 0.9962276608324283,
      "layer_thickness": 0.9993657996911626,
      "crystallinity": 0.9991405345078629,
      "particle_size": 0.9992688054156632
    },
    "model_path": "C:\\Users\\varsh\\Downloads\\EIS-RV\\vanl\\backend\\ml\\saved_models\\synthesis_surrogate.pkl"
  },
  "eis_model": {
    "model_type": "gbr",
    "n_train": 4000,
    "n_test": 1000,
    "train_time_s": 9.40091061592102,
    "train_metrics": {
      "mse": 0.00046235782476222167,
      "r2": 0.9895587453745041,
      "n_samples": 4000,
      "n_features": 7,
      "n_outputs": 5
    },
    "test_mse": 0.0010878398368431024,
    "test_r2": 0.9811043217188754,
    "test_mae": 0.02393007994025318,
    "per_output_r2": {
      "Rs": 0.9899230693757077,
      "Rct": 0.9947726501355707,
      "Cdl": 0.9937903360381537,
      "sigma_warburg": 0.9941326363303051,
      "n_cpe": 0.9329029167146395
    },
    "model_path": "C:\\Users\\varsh\\Downloads\\EIS-RV\\vanl\\backend\\ml\\saved_models\\eis_surrogate.pkl"
  }
}